{"startprob": [0.9479661171899287, 0.05203388281003477, 3.642510728404788e-14], "transmat": [[0.9890210877714695, 0.010947966041604118, 3.0946186926344166e-05], [0.019242334500073243, 0.9648953135002484, 0.015862351999678434], [5.662176536791815e-10, 0.023442355774461007, 0.9765576436593214]], "means": [[1.8887165633406542, 5.961454725358585, 2.3733210734416312, 0.724049662913537], [6.63280608518405, 21.259610926146916, 7.817978899547197, 2.4857853418335827], [29.93014003297559, 72.5974143314246, 19.84685053175963, 4.630224364564706]], "covars": [[[1.9210714106037512, 1.090009334532474, 0.23151453017248091, 0.046446268478113895], [1.090009334532474, 10.982261530779677, 2.3940510690510557, 0.4943363238935837], [0.23151453017248091, 2.3940510690510557, 2.8825675942499647, 0.3874887234637952], [0.046446268478113895, 0.4943363238935837, 0.3874887234637956, 0.6326503808914126]], [[25.40430635444891, 33.50997833881803, 3.2711510613408916, -1.5007059989975478], [33.50997833881803, 123.94430857326722, 19.333820231475844, -1.228964788847329], [3.2711510613408916, 19.333820231475844, 15.031611559775463, 1.437270640951033], [-1.5007059989975478, -1.228964788847329, 1.437270640951033, 2.825057807418791]], [[426.48971826583545, 476.18491473161964, 18.893586454673695, -14.34491897194633], [476.18491473161964, 1522.4672328342203, 250.9718705460664, 1.5456612667197458], [18.893586454673695, 250.9718705460664, 133.04769984305133, 21.304088662445977], [-14.34491897194633, 1.545661266719673, 21.304088662445977, 13.915496955819412]]], "covariance_type": "full", "n_features": 4, "i_open_region": 2, "i_background_region": 0, "i_nucleosomal_region": 1, "hmm_binsize": 10}