{"startprob": [0.9188253622597234, 0.0670767084809209, 0.014097929259355683], "transmat": [[0.9888857483872074, 0.011107706428758838, 6.545184033784742e-06], [0.020418518108709607, 0.9619398726245327, 0.017641609266757646], [6.872913695487115e-05, 0.024698606626716385, 0.9752326642363287]], "means": [[2.3137046605239777, 6.4247953180403305, 3.486659364063057, 0.9486783410601969], [7.133729327740944, 21.546291674815574, 10.54183215780763, 3.0638235861477736], [42.22028786283388, 69.79078421919046, 21.18527571815302, 4.4552942664897435]], "covars": [[[2.7496517090836563, 1.6019741002576187, 0.4845039271328683, 0.07089464469574212], [1.6019741002576167, 12.106543574471614, 3.047041284844682, 0.7273008849629843], [0.4845039271328683, 3.047041284844682, 4.8819026210896626, 0.651221413508841], [0.07089464469574212, 0.7273008849629843, 0.651221413508841, 0.9010711010350938]], [[32.13586951951276, 32.33918730987879, 2.835306207731857, -1.0018761710655888], [32.33918730987879, 116.34684429674714, 20.89788251572058, -0.12238543745930983], [2.835306207731857, 20.89788251572058, 23.98830421947046, 3.489693965524994], [-1.0018761710655888, -0.12238543745930983, 3.489693965524994, 4.328216624141145]], [[920.5793973157802, 429.66298992980705, -62.63079951086171, -29.78794781444519], [429.66298992980705, 1123.6303181599806, 160.32431509850028, -7.5341046520682955], [-62.63079951086171, 160.32431509850028, 163.94608514631048, 28.335056648330482], [-29.78794781444519, -7.5341046520682955, 28.335056648330482, 14.737576012434284]]], "covariance_type": "full", "n_features": 4, "i_open_region": 2, "i_background_region": 0, "i_nucleosomal_region": 1, "hmm_binsize": 10}