{"startprob": [0.08787426644277503, 0.9091945959273172, 0.0029311376299077647], "transmat": [[0.9634381569787466, 0.0202656131952078, 0.016296229826045644], [0.012393279267402945, 0.9875452833611722, 6.143737142489637e-05], [0.02343025561274985, 5.788158793345376e-05, 0.9765118627993168]], "means": [[5.458286110687037, 17.0324265600278, 11.086293327004569, 3.746869097452628], [1.4873015547995951, 5.4990316341099295, 3.650203585871818, 1.1690775957494692], [26.21309060060298, 58.61504242539201, 28.073339441583002, 7.254796948695168]], "covars": [[[17.543014508525154, 19.75149053273476, 4.223742357788265, -0.6447453765691614], [19.75149053273476, 78.21364001793197, 26.069580905902644, 1.6367044778218718], [4.223742357788265, 26.069580905902644, 29.038570983057973, 4.279502501642399], [-0.6447453765691614, 1.6367044778218718, 4.279502501642399, 4.948957460595084]], [[1.67516223176359, 1.0499103476441558, 0.2599519663477123, 0.05144803433133109], [1.0499103476441558, 8.732864026379236, 2.5168320101382604, 0.5663937516356994], [0.259951966347713, 2.5168320101382604, 4.49542140418951, 0.6471596430246679], [0.05144803433133075, 0.5663937516356994, 0.6471596430246679, 1.06447554729473]], [[398.51467955122695, 285.3730036227202, 14.229502241019926, -14.13339648781504], [285.3730036227202, 877.882255728772, 277.911981863156, 20.21096694744574], [14.229502241019926, 277.911981863156, 247.97035674899743, 50.051998850420404], [-14.13339648781504, 20.21096694744574, 50.05199885042045, 28.539960724474387]]], "covariance_type": "full", "n_features": 4, "i_open_region": 2, "i_background_region": 1, "i_nucleosomal_region": 0, "hmm_binsize": 10}