{"startprob": [0.006354890829082912, 0.8913952055551922, 0.10224990361572482], "transmat": [[0.9797033742082318, 1.9595224415049333e-06, 0.020294666269326616], [1.2368900048702178e-05, 0.9883490982976629, 0.011638532802288468], [0.015469169983432072, 0.016852311335031393, 0.9676785186815366]], "means": [[30.534615170371985, 57.928810769434, 18.806708817539025, 3.271888117785094], [1.732702938715573, 4.709018773688639, 2.425215508505135, 0.4874411656521713], [5.648233342497818, 16.523643084290704, 8.265022862152398, 1.863748988074625]], "covars": [[[475.18708053092234, 388.9549244770326, 1.3465238458348572, -8.465395955618035], [388.9549244770326, 931.203133842588, 150.7667549542363, 4.6226553996027535], [1.3465238458347315, 150.7667549542363, 108.64669714679741, 13.97600763154101], [-8.465395955618035, 4.6226553996027535, 13.97600763154101, 6.588608336510497]], [[1.801133686290713, 0.8465695166710582, 0.27444741002947376, 0.025269319071971334], [0.8465695166710582, 7.788713948516467, 1.844102012045938, 0.22255279764002897], [0.27444741002947376, 1.844102012045938, 3.002415298372846, 0.2144131974989041], [0.025269319071971334, 0.22255279764002897, 0.2144131974989041, 0.37882011687770606]], [[17.924155487575458, 18.059755741475335, 2.4551082779968434, -0.4086493630077091], [18.059755741475335, 68.21647318463236, 15.65848469863734, 0.4501147185400324], [2.4551082779968434, 15.65848469863734, 15.911339648036947, 1.2336188993314001], [-0.4086493630077091, 0.4501147185400324, 1.233618899331403, 1.8811990606530828]]], "covariance_type": "full", "n_features": 4, "i_open_region": 0, "i_background_region": 1, "i_nucleosomal_region": 2, "hmm_binsize": 10}