{"startprob": [0.9441936284518028, 0.05340800049350783, 0.0023983710546893705], "transmat": [[0.9905542345598102, 0.00943453856889958, 1.1226871290244059e-05], [0.017190077796349422, 0.9678162423617632, 0.014993679841887363], [8.02474939221634e-06, 0.024813021841302126, 0.9751789534093056]], "means": [[1.416887364255319, 4.56648142210091, 2.8394667101338795, 0.9077843193330486], [9.829890988004033, 29.495663714228723, 15.4492221626784, 4.83919230241197], [51.324463357558436, 121.32377932216713, 48.745873767592144, 12.034555256658031]], "covars": [[[1.8312350481920665, 1.8248198635035489, 0.854045168725716, 0.1977181433681987], [1.8248198635035489, 10.878847470974659, 4.335556682006998, 1.1216525305041805], [0.854045168725716, 4.335556682006998, 5.158963680131607, 0.9905370876662858], [0.1977181433681987, 1.1216525305041805, 0.9905370876662858, 0.9573117179973927]], [[76.93986948186094, 129.32538979999296, 30.49264549256084, 2.422869349137962], [129.32538979999296, 389.19958798138026, 110.97836257982902, 14.02332229724636], [30.49264549256084, 110.97836257982902, 76.32758395779973, 15.607710270159942], [2.422869349137962, 14.02332229724636, 15.607710270159942, 10.698317207540079]], [[1638.1531536044795, 1355.634480570531, -52.47678731855585, -60.59772129845955], [1355.634480570531, 4436.968518993662, 788.5061846979105, 10.712849145472735], [-52.47678731855585, 788.5061846979105, 872.3098015737959, 184.66645344844952], [-60.59772129845955, 10.712849145472735, 184.66645344844952, 95.90245164196487]]], "covariance_type": "full", "n_features": 4, "i_open_region": 2, "i_background_region": 0, "i_nucleosomal_region": 1, "hmm_binsize": 10}