{"startprob": [0.9377371817424036, 0.06026989014898092, 0.0019929281086154445], "transmat": [[0.9896207317790285, 0.010367277649952308, 1.1990571019087998e-05], [0.019795545718119433, 0.9641663920990663, 0.016038062182814238], [8.067706519618696e-14, 0.02354375845625724, 0.9764562415436621]], "means": [[1.37008691951751, 3.7157460048270887, 2.3827368522794785, 0.7009160265793389], [8.106132438507863, 20.854478990419707, 10.107050712052013, 3.0346188502678393], [45.95768580703144, 86.42069787858237, 29.029224345608483, 6.588054730791072]], "covars": [[[1.6192306212111933, 1.1907700769110385, 0.4679485509264865, 0.09383770846011368], [1.1907700769110385, 7.361168752065798, 2.569278818011584, 0.584904338761798], [0.4679485509264865, 2.569278818011584, 3.8751304778508175, 0.6670639416953084], [0.09383770846011368, 0.5849043387617977, 0.6670639416953084, 0.70354317631258]], [[57.37016574412852, 70.6273512774622, 8.712320539152737, -0.6868505264137603], [70.62735127746224, 175.89532057406296, 35.367395017054456, 1.486080498063006], [8.712320539152737, 35.36739501705441, 29.606167078475455, 4.631475464664097], [-0.6868505264137603, 1.486080498063006, 4.631475464664097, 4.623149571760621]], [[1089.0471904172002, 923.0527088097933, -45.52189867188012, -36.48436260361391], [923.0527088097933, 2336.2898318195835, 300.3435260128843, 0.15098648200698372], [-45.52189867188012, 300.3435260128843, 348.0284192708849, 72.03380230571497], [-36.48436260361391, 0.15098648200698372, 72.03380230571497, 35.965220466168454]]], "covariance_type": "full", "n_features": 4, "i_open_region": 2, "i_background_region": 0, "i_nucleosomal_region": 1, "hmm_binsize": 10}