{"startprob": [0.9520706017777923, 0.04792939822220766, 1.5591030016243002e-21], "transmat": [[0.9887464227139297, 0.011235923828632744, 1.7653457437641722e-05], [0.01924599385301575, 0.9654127373252676, 0.015341268821716759], [4.211471495339992e-05, 0.024547430851779763, 0.9754104544332668]], "means": [[0.648945296728076, 1.8772677651615384, 0.984133858471498, 0.37499424180644053], [4.259260118207086, 11.999347446377767, 5.721133909700953, 2.2025696512150783], [24.954155706946604, 53.4712697663659, 17.67372035830085, 5.363310295550802]], "covars": [[[0.640730611644019, 0.3552225428139145, 0.09631879021744823, 0.020291219839513222], [0.3552225428139145, 2.634402524387388, 0.5197104003350105, 0.1339065834896487], [0.09631879021744837, 0.5197104003350105, 1.0126289236247141, 0.13943314642351104], [0.020291219839513222, 0.13390658348964857, 0.13943314642351104, 0.3050827561280062]], [[15.300394844187455, 20.861073064654548, 4.152068662674199, 0.047255874270850706], [20.861073064654548, 67.96233624704647, 17.007086643664895, 1.9825806310238323], [4.152068662674195, 17.007086643664895, 13.133230621254354, 2.504282808507175], [0.047255874270850706, 1.982580631023836, 2.504282808507177, 3.0120232226980828]], [[367.23461437190923, 335.6209700407026, 16.080564016211863, -6.650897918182916], [335.6209700407026, 900.182375175182, 185.48640572082329, 24.62529941684202], [16.080564016211863, 185.48640572082329, 140.5776343481935, 35.75974083269045], [-6.650897918182916, 24.62529941684202, 35.75974083269045, 21.922850038976332]]], "covariance_type": "full", "n_features": 4, "i_open_region": 2, "i_background_region": 0, "i_nucleosomal_region": 1, "hmm_binsize": 10}