{"startprob": [0.9232582150931335, 7.226383253344614e-34, 0.07674178490686641], "transmat": [[0.9900619648899339, 1.8260753247548938e-05, 0.009919774356818583], [6.208735073238358e-23, 0.9770541038587663, 0.02294589614123369], [0.019731559094063402, 0.016048438879863323, 0.9642200020260733]], "means": [[1.337661153757422, 4.9425583131336115, 3.583324637608884, 1.47270752335656], [46.37297641631434, 131.54431012321794, 61.26056725104111, 16.79220738205772], [9.33153513331653, 30.960152007799568, 19.374309741387275, 6.613700724166161]], "covars": [[[1.7291720896176268, 1.8587585042006542, 1.0372068938488166, 0.32299313485448156], [1.8587585042006542, 12.366777978583777, 6.068189554055168, 2.088356924550295], [1.0372068938488166, 6.068189554055168, 7.522378587772373, 2.18298851933745], [0.32299313485448156, 2.088356924550295, 2.18298851933745, 2.1571405887598107]], [[1149.783259630142, 1662.9305627299093, 192.63411641268067, -38.24194007444694], [1662.9305627299093, 5244.332054908375, 1492.970204439001, 151.37465035605356], [192.63411641268067, 1492.970204439001, 1272.393490575709, 301.81945329323463], [-38.24194007444694, 151.37465035605356, 301.81945329323463, 155.64548057532068]], [[64.67343699752111, 127.46189744852781, 37.43557057228477, 3.0272300552488005], [127.46189744852781, 446.7970325169636, 158.80179351081824, 20.337691013010005], [37.43557057228477, 158.80179351081824, 116.06999058607273, 23.675664093945993], [3.0272300552488005, 20.337691013010005, 23.67566409394601, 15.92466962694075]]], "covariance_type": "full", "n_features": 4, "i_open_region": 1, "i_background_region": 0, "i_nucleosomal_region": 2, "hmm_binsize": 10}