{"startprob": [0.9363397227802821, 0.06127844702034491, 0.0023818301993730564], "transmat": [[0.9903129826727404, 0.00968701732725953, 1.4078358341800457e-16], [0.01936905671529268, 0.963765677031509, 0.016865266253198348], [3.191325362905951e-11, 0.023729143648139876, 0.9762708563199468]], "means": [[1.7984031024158436, 3.612037354716192, 3.0814159924759625, 1.0851367508633838], [9.281889525698897, 18.82644029514087, 14.606546715731124, 4.557278140194692], [44.46954839328384, 80.80931766952891, 45.738310540556746, 10.94968405377989]], "covars": [[[2.48547628222369, 1.6896522101595692, 0.9468365000488762, 0.2888312026464875], [1.6896522101595683, 6.109289644884853, 2.8291048069690117, 0.8259138145623864], [0.9468365000488762, 2.8291048069690117, 4.926246150086992, 0.925977978615626], [0.2888312026464875, 0.8259138145623864, 0.925977978615626, 1.169602545928794]], [[58.25221904844671, 70.27764579233315, 24.75966970560334, 0.5967307892032089], [70.27764579233315, 153.47313816004663, 64.13713648154167, 4.677776552466462], [24.759669705603308, 64.1371364815416, 61.52598864522989, 9.091363528117087], [0.5967307892032089, 4.677776552466478, 9.091363528117087, 8.261214024170934]], [[1035.4327677933502, 902.5677252048584, 114.54191720094008, -20.5050934081493], [902.5677252048584, 2200.902316362069, 682.0263908074878, 39.53586523356792], [114.54191720094008, 682.0263908074878, 676.2785682087958, 135.5553532894741], [-20.50509340814921, 39.53586523356792, 135.55535328947403, 80.81493264482923]]], "covariance_type": "full", "n_features": 4, "i_open_region": 2, "i_background_region": 0, "i_nucleosomal_region": 1, "hmm_binsize": 10}