{"startprob": [0.9255432222197381, 0.07445677778026186, 8.761251930656442e-23], "transmat": [[0.9897342674715097, 0.010265732528490217, 2.2316605014948518e-23], [0.020798508134754173, 0.9621325711098481, 0.017068920755397704], [1.0356220021073462e-17, 0.02288787499428101, 0.977112125005719]], "means": [[0.9923151931692591, 3.1169659905475795, 2.7321456685077, 1.082297742182813], [6.501157024102795, 18.272453889723508, 15.856311776255112, 5.651272941716889], [45.05852226963701, 100.31549067312739, 55.03487773076063, 14.547826896294945]], "covars": [[[1.1324628556598568, 0.8158113141023212, 0.4987173885742567, 0.14629863489414202], [0.8158113141023212, 5.331881034583503, 2.826083411389627, 0.8139976266834748], [0.4987173885742567, 2.826083411389627, 5.2459589137101785, 1.3028743624353445], [0.14629863489414202, 0.8139976266834743, 1.302874362435344, 1.3598156674744615]], [[35.26516406988102, 56.75640110850177, 22.661158647474842, 1.6643933592013216], [56.75640110850177, 167.06463936840947, 83.23169288538718, 10.992288469098874], [22.661158647474842, 83.23169288538718, 85.97320857947341, 18.699521063325363], [1.6643933592013216, 10.992288469098874, 18.699521063325363, 14.88589138972458]], [[1122.8986324007417, 1440.957635920345, 214.41297638792454, -48.17004857548282], [1440.957635920345, 3459.936123974671, 1067.1712118268142, 24.304155236197165], [214.41297638792454, 1067.1712118268142, 1147.5134080879325, 258.2412721488847], [-48.17004857548282, 24.304155236197165, 258.2412721488847, 153.6883963743958]]], "covariance_type": "full", "n_features": 4, "i_open_region": 2, "i_background_region": 0, "i_nucleosomal_region": 1, "hmm_binsize": 10}