{"startprob": [0.9357783166537633, 0.06422168334623665, 8.859767028574709e-26], "transmat": [[0.9897892295697168, 0.010210770430283274, 1.2342504332526736e-20], [0.018932175900813905, 0.965118344567201, 0.015949479531985066], [5.958770361866721e-14, 0.02461352520856389, 0.9753864747913764]], "means": [[1.2430364721480993, 3.1350591671399517, 1.4992461716632062, 0.31210767461017624], [6.5515656953315595, 16.924103038640965, 7.162301393341099, 1.8279388516894943], [39.794553537306456, 75.74367208623175, 21.891408109446918, 4.28725863691225]], "covars": [[[1.418253225794618, 0.75905954860262, 0.181260944960306, 0.019847560860303835], [0.75905954860262, 5.192013167617498, 1.1183034527258713, 0.13625592300853712], [0.181260944960306, 1.1183034527258713, 1.7920574221673817, 0.12855801263050035], [0.019847560860303776, 0.13625592300853712, 0.12855801263050035, 0.25405549656169363]], [[36.94109052928441, 48.495596317997716, 6.9840331668121305, -0.021570790969392375], [48.495596317997716, 133.18001749081876, 26.57564990661339, 1.605452627890224], [6.9840331668121305, 26.57564990661339, 18.820557682408282, 2.028123644051053], [-0.0215707909693941, 1.605452627890224, 2.028123644051053, 2.1468908194623118]], [[899.1490174382134, 761.3626450728588, 20.634852465404936, -9.386772487695245], [761.3626450728588, 1841.146720297977, 320.03340551444757, 28.762220489665584], [20.634852465404936, 320.03340551444757, 223.10442219102205, 38.62392043686915], [-9.386772487695245, 28.762220489665584, 38.62392043686915, 15.65918727249914]]], "covariance_type": "full", "n_features": 4, "i_open_region": 2, "i_background_region": 0, "i_nucleosomal_region": 1, "hmm_binsize": 10}