{"startprob": [0.9196160293772002, 0.003082354288094844, 0.07730161633470496], "transmat": [[0.9895658177582507, 2.1828315650507437e-26, 0.010434182241749313], [3.1803053521650468e-15, 0.974540171853367, 0.025459828146629684], [0.020107862369782657, 0.016045478993643215, 0.9638466586365741]], "means": [[1.5928806361972712, 3.5085479749823048, 1.7996445682807594, 0.28520594676027894], [74.28885120008584, 101.97174730442617, 24.709189342121, 3.6202068194836894], [10.897415945423786, 22.42920186438077, 8.604602440489053, 1.5559422287042934]], "covars": [[[2.1055993670917514, 1.464146460256076, 0.44253896932829895, 0.038679348892454564], [1.464146460256076, 8.164121532948954, 2.3520808584811737, 0.2795456630154598], [0.44253896932829895, 2.3520808584811737, 2.948621752536427, 0.23245860728890944], [0.038679348892454564, 0.2795456630154598, 0.23245860728890944, 0.2491075725607958]], [[2830.2074891475554, 1894.7346018415694, -56.621973646179136, -32.77759439249149], [1894.7346018415694, 3331.093432758876, 364.3570323260595, 6.350217964453999], [-56.621973646179136, 364.3570323260595, 309.11960748937577, 40.52355473823645], [-32.77759439249149, 6.350217964453999, 40.52355473823645, 14.699076900473576]], [[122.23918942060469, 119.09022813495318, 11.21096484261753, -0.7648102834391205], [119.09022813495318, 226.88925810206288, 34.51455708955665, 0.5401370962958292], [11.21096484261753, 34.51455708955665, 24.588042709045748, 2.142675594414529], [-0.7648102834391205, 0.5401370962958292, 2.142675594414529, 1.9907360667614404]]], "covariance_type": "full", "n_features": 4, "i_open_region": 1, "i_background_region": 0, "i_nucleosomal_region": 2, "hmm_binsize": 10}