{"startprob": [0.10371188023112628, 0.8936969658769509, 0.0025911538919228126], "transmat": [[0.9628605382275734, 0.021164751521302722, 0.015974710251123778], [0.012736005799661942, 0.9872335534930152, 3.044070732284683e-05], [0.022561927864973595, 2.7418028084924486e-05, 0.9774106541069414]], "means": [[2.4997319308473966, 7.52475743594912, 4.433610176022813, 2.0259366316374554], [0.37933067006800747, 1.1877114581601163, 0.7094367329075048, 0.2920099622812562], [17.55594021836727, 43.14029250379492, 16.940095878586607, 5.465588787110463]], "covars": [[[5.921642955064946, 8.455052981556856, 2.225653878224692, 0.0530106538696086], [8.455052981556856, 32.3361064994354, 9.514086283013505, 0.9579202679517838], [2.225653878224692, 9.514086283013505, 9.11643403800735, 1.7065798495112052], [0.0530106538696086, 0.9579202679517818, 1.7065798495112052, 2.5633283850642807]], [[0.333148037308185, 0.13572828220482716, 0.034902466531522805, 0.0041566540959297555], [0.13572828220482716, 1.4050729497885326, 0.2643394342161358, 0.06579475139286557], [0.034902466531522805, 0.2643394342161358, 0.6444882726433326, 0.08737244230640147], [0.0041566540959297555, 0.06579475139286557, 0.08737244230640147, 0.23109946338735823]], [[210.62127910154643, 214.73597064847743, 11.84399452743959, -4.918549613873969], [214.73597064847743, 696.0241268225735, 134.6392531454846, 10.759374601888036], [11.84399452743959, 134.6392531454846, 108.71510392107804, 26.298478854210618], [-4.918549613873969, 10.759374601888036, 26.298478854210618, 21.778607872085892]]], "covariance_type": "full", "n_features": 4, "i_open_region": 2, "i_background_region": 1, "i_nucleosomal_region": 0, "hmm_binsize": 10}