{"startprob": [0.9504392232071988, 2.787722779816064e-21, 0.04956077679280129], "transmat": [[0.9906925287612139, 4.2122620799462674e-23, 0.009307471238786124], [8.955474355446428e-15, 0.9763979492675049, 0.02360205073248604], [0.01950165988011075, 0.017292428167575973, 0.9632059119523133]], "means": [[2.082499148749166, 5.529456892811248, 3.4268019459761394, 1.5986163674209541], [71.24347382443403, 167.2093476096558, 70.66044927702507, 21.690884996493295], [11.519091928587065, 33.391115544959334, 20.87244345054563, 8.893276998515129]], "covars": [[[2.8736491387348146, 2.539294910051066, 1.1838452736368272, 0.4600891734151575], [2.539294910051066, 13.476962196082322, 6.116828418912797, 2.454989612936478], [1.1838452736368272, 6.116828418912797, 7.5135149838079975, 2.4873825262877083], [0.4600891734151575, 2.454989612936478, 2.4873825262877074, 2.5216171225964508]], [[2502.936903093434, 3213.716150317159, 384.4200375597114, -77.26306850302063], [3213.716150317159, 8835.805595347905, 2368.4134563607286, 209.02012318103965], [384.4200375597114, 2368.4134563607286, 1930.860109902565, 517.9193638745847], [-77.26306850302063, 209.02012318103965, 517.9193638745847, 319.9715336349422]], [[103.08501240189362, 181.3880258480941, 53.963240598111426, 6.848484941477613], [181.3880258480941, 524.727989265352, 192.967727642573, 35.570497155576724], [53.963240598111426, 192.967727642573, 146.86782363798127, 44.438209728246726], [6.848484941477629, 35.570497155576724, 44.438209728246726, 37.004619267676226]]], "covariance_type": "full", "n_features": 4, "i_open_region": 1, "i_background_region": 0, "i_nucleosomal_region": 2, "hmm_binsize": 10}