{"startprob": [0.003262497985090502, 0.8982911283921959, 0.09844637362271343], "transmat": [[0.9743735137330308, 1.3375323790194473e-08, 0.025626472891645366], [2.6196168587457728e-08, 0.9876504350349984, 0.012349538768833051], [0.016608992235022012, 0.021235972362233242, 0.9621550354027447]], "means": [[39.17480888243138, 49.07778296131634, 12.637155039897516, 2.6090534504160665], [0.8548210114685516, 1.800531102844869, 0.8569777501658364, 0.15259137103936996], [4.59745871620297, 10.214098710381787, 4.278324141021792, 1.094703233322322]], "covars": [[[1068.405064633774, 459.99809606121977, -21.336184391809876, -13.346603869250842], [459.99809606121977, 809.0174138618274, 106.43552771504585, 3.6398721492482133], [-21.336184391809876, 106.43552771504585, 100.52708480331852, 16.71599943984529], [-13.346603869250842, 3.6398721492482133, 16.71599943984529, 8.184725818411989]], [[0.9223234306079152, 0.38536963274855224, 0.07135387212330473, 0.0013162583057147027], [0.38536963274855224, 2.495448717743533, 0.45974993743570597, 0.028811911117132587], [0.07135387212330473, 0.45974993743570597, 0.9257306005878614, 0.04311638386896049], [0.0013162583057147253, 0.028811911117132587, 0.04311638386896049, 0.11170260927010232]], [[22.961984722312884, 19.034756990327587, 2.126324935046839, -0.36093798205849303], [19.034756990327597, 48.89297866814923, 7.979951036591971, -0.14501907538059453], [2.126324935046839, 7.979951036591971, 8.108273919092492, 0.5482740155271464], [-0.36093798205849237, -0.14501907538059453, 0.5482740155271464, 1.03542690235164]]], "covariance_type": "full", "n_features": 4, "i_open_region": 0, "i_background_region": 1, "i_nucleosomal_region": 2, "hmm_binsize": 10}