{"startprob": [0.002536015657954608, 0.9488061371343106, 0.0486578472077348], "transmat": [[0.9759655363587362, 6.11163640707431e-09, 0.024034457529627365], [3.4917527049768906e-11, 0.9902348245846944, 0.009765175380388156], [0.0166093675741402, 0.01878628047722637, 0.9646043519486334]], "means": [[72.65243382749068, 135.3448283596465, 54.17093536644369, 16.81816881391146], [1.9110024932592058, 4.212424030200814, 2.6379102295093695, 1.1574483176268484], [12.097448582420428, 27.954970541518975, 15.531926116433375, 6.004836584552301]], "covars": [[[3495.7856970554435, 2648.475937008174, 124.38503464590575, -83.71301517012655], [2648.475937008174, 6781.07158144441, 1451.9893013256055, 73.49290670346308], [124.38503464590575, 1451.9893013256055, 1216.9936210703609, 320.05093354385514], [-83.71301517012655, 73.49290670346308, 320.05093354385514, 205.85715169345738]], [[2.7965542643764625, 1.9717747104453356, 0.7352868657966306, 0.3109554361727875], [1.9717747104453356, 8.590185050372757, 3.074443704698415, 1.1638023002036029], [0.7352868657966296, 3.074443704698415, 4.2773406462802805, 1.1138774079913127], [0.3109554361727869, 1.1638023002036029, 1.1138774079913127, 1.3914670006952148]], [[124.39704613225756, 164.72318904909804, 43.148970616836166, 6.353934107392599], [164.72318904909804, 389.6041562234988, 124.30895064403082, 24.12747874848128], [43.148970616836166, 124.30895064403082, 84.62193572096228, 23.248847776182636], [6.353934107392599, 24.127478748481245, 23.248847776182636, 17.596766191005727]]], "covariance_type": "full", "n_features": 4, "i_open_region": 0, "i_background_region": 1, "i_nucleosomal_region": 2, "hmm_binsize": 10}