{"startprob": [0.9410125866717612, 0.004621792156343999, 0.05436562117189473], "transmat": [[0.9905265467170586, 2.8902168752547413e-21, 0.009473453282941302], [1.50677917509343e-08, 0.9765471492122778, 0.02345283571993045], [0.01956979146515606, 0.016444417229768474, 0.9639857913050756]], "means": [[2.4402733910765892, 8.857336982198321, 5.212121271292899, 1.8526907296942408], [87.14858901044519, 195.84000334454936, 66.45581577737438, 15.582187487960448], [15.968829067873749, 48.42973410089437, 23.947754999691803, 7.537260365972518]], "covars": [[[3.454826330345281, 4.816818323582702, 2.227150113851522, 0.6940837618868051], [4.816818323582702, 35.01751740670593, 16.90292230900764, 5.3353200526356686], [2.227150113851522, 16.90292230900764, 16.130521504364435, 4.605844613769287], [0.6940837618868059, 5.3353200526356686, 4.605844613769287, 3.197343285111328]], [[3628.7857534327336, 3898.0542570175176, 38.6206804009204, -158.56463797940106], [3898.0542570175176, 10659.743893929954, 2076.8328636883048, 39.694853829832475], [38.62068040092162, 2076.8328636883048, 1733.4295542582133, 382.9815062607528], [-158.56463797940106, 39.694853829832475, 382.9815062607528, 191.58456301625407]], [[225.90395787647842, 330.69969593087814, 45.101175554625726, -5.455959331890258], [330.69969593087814, 847.5428387434886, 207.86671523204345, 15.437873864487871], [45.101175554625726, 207.86671523204345, 153.34110447478224, 36.912796784591734], [-5.455959331890258, 15.437873864487871, 36.912796784591734, 26.95256245748787]]], "covariance_type": "full", "n_features": 4, "i_open_region": 1, "i_background_region": 0, "i_nucleosomal_region": 2, "hmm_binsize": 10}