{"startprob": [0.9034447673616638, 0.09367428381751965, 0.0028809488208165705], "transmat": [[0.9883672369059668, 0.011632762729687484, 3.643457562705662e-10], [0.017398216093439896, 0.9687087675843847, 0.013893016322175333], [6.0450894111818796e-05, 0.025785070876680125, 0.974154478229208]], "means": [[1.182873264422308, 4.014186723469381, 2.3683999316903757, 0.7843976758648045], [6.562410667829527, 20.410484221658066, 11.670648481492515, 3.778690054241895], [32.32021391263759, 77.50163234885999, 33.56877828475368, 8.557085412754034]], "covars": [[[1.5467224340812729, 1.2791018679992212, 0.4698579408768635, 0.06187205537140634], [1.2791018679992212, 7.68272235638474, 2.5752887366611903, 0.4875902469793195], [0.4698579408768635, 2.5752887366611903, 3.4582144327439472, 0.4887012756776166], [0.06187205537140634, 0.4875902469793195, 0.4887012756776166, 0.7142317803048667]], [[25.450559710506198, 35.567600016509125, 10.759303250193962, 1.0602465066478393], [35.567600016509125, 137.51722204329144, 50.209658518279824, 8.942094718678971], [10.759303250193962, 50.209658518279824, 41.57195661555284, 9.095628651921889], [1.0602465066478393, 8.942094718678971, 9.095628651921889, 6.49472423190477]], [[754.1658095867878, 490.4397250288016, 31.07766754322172, -2.327586265060027], [490.4397250288016, 1572.8658988914162, 479.42098278280196, 77.66836468280516], [31.07766754322172, 479.42098278280196, 390.169491214779, 86.6255915425417], [-2.327586265060027, 77.66836468280516, 86.62559154254164, 37.5494685215834]]], "covariance_type": "full", "n_features": 4, "i_open_region": 2, "i_background_region": 0, "i_nucleosomal_region": 1, "hmm_binsize": 10}