{"startprob": [0.9343584718625939, 0.0033141627933407076, 0.06232736534406534], "transmat": [[0.989965998225225, 1.7437733762738937e-15, 0.010034001774773258], [3.929106634332359e-05, 0.9741677164413692, 0.025792992492287385], [0.020333943507711245, 0.016724830943849377, 0.9629412255484393]], "means": [[1.6582305171673788, 3.7940484743553937, 2.082341364138453, 0.5829585552903213], [33.4276006124217, 56.14348119587531, 20.953727293321627, 5.313580521160599], [7.351091053986416, 16.800371210261222, 7.711924022551698, 2.5627591548004336]], "covars": [[[1.9417716842554742, 0.9726545907992944, 0.2509146546823686, 0.04818078011841215], [0.9726545907992944, 6.1241959158156165, 1.5474743953143997, 0.26861849279078426], [0.2509146546823686, 1.5474743953144015, 2.686820577722502, 0.2934320606073287], [0.04818078011841215, 0.26861849279078426, 0.2934320606073287, 0.5142812886706914]], [[526.7170493340269, 343.7447455714633, -19.431606049974143, -17.827987477380248], [343.7447455714633, 872.973701882812, 161.17470368798004, 10.449551458253703], [-19.431606049974143, 161.17470368798004, 165.27277884434162, 36.34864344697163], [-17.827987477380248, 10.449551458253795, 36.34864344697163, 19.996254153815894]], [[36.360148455786145, 36.99344925273868, 5.949578662840912, -0.7867657116818414], [36.99344925273865, 95.87260884721665, 20.197342269360444, 0.38279893476799864], [5.949578662840912, 20.197342269360416, 17.938951819412292, 2.8116223039883255], [-0.7867657116818414, 0.38279893476799864, 2.8116223039883215, 3.5573050879230155]]], "covariance_type": "full", "n_features": 4, "i_open_region": 1, "i_background_region": 0, "i_nucleosomal_region": 2, "hmm_binsize": 10}