{"startprob": [0.06754791217887163, 0.0029768446224416405, 0.9294752431986867], "transmat": [[0.9640245322269825, 0.015703242272419874, 0.02027222550059759], [0.02672205314699748, 0.973219760809719, 5.818604328351931e-05], [0.010494377425852285, 2.3954203472756184e-06, 0.9895032271538005]], "means": [[7.005720112705497, 16.441922722975136, 11.507007747234649, 3.931432400664569], [32.295470911730035, 63.017555699564824, 35.41418198608364, 9.391940769292631], [1.4410885806247165, 3.175346142759743, 2.35808323789112, 0.8740064109293066]], "covars": [[[30.327164638464545, 39.311652355314905, 13.290115622568248, 0.25301703648232504], [39.311652355314905, 114.2064526553781, 46.76748994157154, 3.688959696767433], [13.290115622568248, 46.76748994157154, 42.64437937948121, 6.742402671211967], [0.25301703648232504, 3.688959696767433, 6.742402671211967, 6.328829004780716]], [[724.6982553525465, 390.37644139005204, 7.500203509471173, -15.267269862023191], [390.37644139005204, 1061.715062047971, 342.27817882950006, 21.563015276396932], [7.500203509471173, 342.27817882949955, 344.36254577621656, 77.9099716011717], [-15.267269862023191, 21.563015276396932, 77.9099716011717, 46.408396205083704]], [[1.8057479298229473, 0.9213065040649482, 0.4015562954107463, 0.13432739293011323], [0.9213065040649475, 4.642558928316756, 1.683624311428733, 0.4190303247713242], [0.4015562954107463, 1.683624311428733, 3.1555460481473014, 0.5821171130377637], [0.13432739293011323, 0.4190303247713242, 0.582117113037764, 0.8680128319811797]]], "covariance_type": "full", "n_features": 4, "i_open_region": 1, "i_background_region": 2, "i_nucleosomal_region": 0, "hmm_binsize": 10}