{"startprob": [0.00256504408510726, 0.9196230935623462, 0.07781186235254654], "transmat": [[0.9768839196717195, 7.105467975414477e-12, 0.02311608032117496], [3.261210039843798e-05, 0.9892742388656917, 0.010693149033909883], [0.016043648955356864, 0.01974265634322333, 0.9642136947014198]], "means": [[30.199248747924052, 65.26908622023583, 31.375349825866483, 9.692480928257094], [1.253344083475201, 3.10462250348677, 1.9976985050216423, 0.8894002844017873], [5.690090150086059, 14.390055565705536, 9.322379588924825, 3.704600376795236]], "covars": [[[539.7620519693346, 486.9217979762404, 41.1468821571851, -11.178995259000509], [486.9217979762404, 1368.1373022541493, 353.2372200567452, 27.0331449527156], [41.1468821571851, 353.2372200567452, 340.16131123954756, 86.75819116985087], [-11.178995259000509, 27.0331449527156, 86.75819116985087, 53.14018254964321]], [[1.3393456094263234, 0.6822980175271476, 0.22116643757280055, 0.05472419748570337], [0.6822980175271465, 4.178424899460231, 1.1164158155657458, 0.30658384405446065], [0.22116643757280055, 1.1164158155657458, 2.2366874237304977, 0.4144491341194096], [0.05472419748570323, 0.30658384405446065, 0.4144491341194096, 0.8424140353676294]], [[22.223859977196515, 30.013355937355634, 8.479655718643121, 0.1965712691893246], [30.013355937355634, 86.70320447793806, 30.893267795754408, 2.8316187731207227], [8.479655718643121, 30.893267795754408, 29.166806898781154, 5.390620772447515], [0.1965712691893246, 2.8316187731207227, 5.390620772447515, 6.119077858148899]]], "covariance_type": "full", "n_features": 4, "i_open_region": 0, "i_background_region": 1, "i_nucleosomal_region": 2, "hmm_binsize": 10}