{"startprob": [0.07112983515986485, 1.6387053175064758e-30, 0.9288701648401352], "transmat": [[0.9661384888578337, 0.015015060550094866, 0.018846450592071406], [0.023685912619326815, 0.976314087380673, 3.754660184637198e-21], [0.010312230188211766, 2.0670301362590692e-05, 0.9896670995104256]], "means": [[6.778653744096875, 25.368829156342066, 18.343438042218857, 7.915592564642924], [32.5261199081178, 108.850108773599, 63.56066959095743, 23.50854060559632], [0.95896211850394, 3.7426537906259747, 2.9574073475849416, 1.4288120936438515]], "covars": [[[32.74475388816691, 73.51350216479658, 30.46353573935494, 5.695327799724192], [73.51350216479658, 319.91161872332214, 147.8370272218562, 34.182271238806656], [30.46353573935492, 147.8370272218562, 121.75301988423452, 33.03790486084922], [5.695327799724192, 34.182271238806656, 33.03790486084918, 22.6535523903702]], [[633.3283147701346, 947.8572380339028, 212.61457063713317, 4.1221341635577025], [947.8572380339028, 3514.8075602371614, 1430.3898075436175, 277.0560584544901], [212.61457063713317, 1430.3898075436175, 1325.031397609841, 419.2434318549665], [4.1221341635577025, 277.0560584544901, 419.24343185496696, 258.5640109427427]], [[1.261248383302393, 1.1439960891733478, 0.5033818380567475, 0.2185250142749615], [1.1439960891733478, 8.156135692286982, 3.53839999639108, 1.4767629314645623], [0.5033818380567475, 3.53839999639108, 5.479991323069802, 1.5943093184407922], [0.2185250142749615, 1.4767629314645623, 1.5943093184407935, 2.081810530772984]]], "covariance_type": "full", "n_features": 4, "i_open_region": 1, "i_background_region": 2, "i_nucleosomal_region": 0, "hmm_binsize": 10}