{"startprob": [0.05563760822874993, 0.9411092883050944, 0.0032531034661557553], "transmat": [[0.9632786590363211, 0.019995663239960194, 0.016725677723718663], [0.010649868669653829, 0.9893184429312166, 3.168839912967205e-05], [0.022933038259501923, 7.863691439111598e-17, 0.977066961740498]], "means": [[6.877234159445116, 16.847381311548837, 10.384295687983798, 2.526870777001592], [1.5789084216720806, 3.78872839286567, 2.323517705688627, 0.5061314903367757], [41.9194868354629, 79.1354143687001, 35.88121586482207, 6.269391088945489]], "covars": [[[35.609679834849246, 44.11044762737124, 12.129113830583888, -0.12390171976812599], [44.11044762737124, 118.76600634825134, 40.23045661244404, 1.5661464355883967], [12.129113830583888, 40.23045661244404, 35.78446317303868, 4.186263932882636], [-0.12390171976812599, 1.5661464355883967, 4.186263932882636, 3.612264069434765]], [[1.8187289999948173, 0.985000740610881, 0.43231113419853734, 0.0856698706732303], [0.985000740610882, 5.784975165809416, 1.8174405573733812, 0.24614858572597376], [0.43231113419853734, 1.8174405573733812, 3.1755308566415104, 0.3087146304640898], [0.0856698706732303, 0.24614858572597376, 0.3087146304640898, 0.43605805004185383]], [[1134.1148149459846, 860.1100331085555, 9.599371699811494, -16.89348864093585], [860.1100331085555, 2187.991385888301, 496.585175516998, 27.50211968825809], [9.599371699811494, 496.585175516998, 498.75294590625884, 76.22802724124472], [-16.89348864093585, 27.50211968825809, 76.22802724124472, 28.953689647541847]]], "covariance_type": "full", "n_features": 4, "i_open_region": 2, "i_background_region": 1, "i_nucleosomal_region": 0, "hmm_binsize": 10}