{"startprob": [0.0842209813391324, 0.9131547833056773, 0.0026242353551901333], "transmat": [[0.9656635686340242, 0.018113155247360638, 0.01622327611861514], [0.010669857705202667, 0.9893114785532701, 1.8663741527329053e-05], [0.021585604366671927, 6.049141508646924e-05, 0.9783539042182415]], "means": [[4.758018485951413, 14.986542013958902, 8.968421098381794, 2.4703193891273587], [1.0526447063285795, 3.20462137795422, 2.053718132487502, 0.5157703318779112], [27.24395435386715, 66.9134722889134, 29.272241659195444, 5.966938386579936]], "covars": [[[16.680046701433028, 25.091097532301244, 6.117710243768261, -0.3089624545499788], [25.091097532301244, 89.93167298128404, 27.66551332139845, 1.045579229847614], [6.117710243768253, 27.66551332139845, 25.697218540460046, 3.08611478701747], [-0.3089624545499788, 1.045579229847614, 3.0861147870174785, 3.179241071635636]], [[1.1263966258242943, 0.6014590878462004, 0.22776515094274088, 0.031466341898233566], [0.6014590878462004, 4.789240145981853, 1.3083761028650618, 0.23765729335252644], [0.22776515094274088, 1.3083761028650605, 2.4499074604434794, 0.23266088931170353], [0.031466341898233566, 0.23765729335252644, 0.23266088931170353, 0.4227645038560946]], [[438.3148522851918, 458.12316395356027, 40.34695388542874, -4.204360290751424], [458.12316395356027, 1423.2061058994273, 345.32343223654675, 25.874690547855284], [40.34695388542874, 345.32343223654675, 285.55098846047076, 49.757586893918756], [-4.204360290751424, 25.874690547855284, 49.757586893918756, 22.465745095038194]]], "covariance_type": "full", "n_features": 4, "i_open_region": 2, "i_background_region": 1, "i_nucleosomal_region": 0, "hmm_binsize": 10}