{"startprob": [0.08139681053472621, 0.9186031894652738, 4.509206175718986e-20], "transmat": [[0.9619956094905765, 0.01935276214718554, 0.018651628362237896], [0.012070293107760094, 0.987831386587737, 9.832030450307065e-05], [0.020429792184575708, 2.162652374877871e-09, 0.979570205652772]], "means": [[9.172873760033633, 29.986116832296023, 11.935049409874958, 3.9154867174600048], [2.4136865569198167, 8.300416942262455, 3.4803596140156574, 1.215518329094778], [40.920308204310594, 99.92434256948984, 26.191323839415766, 5.241052069866]], "covars": [[[37.63482311170313, 46.50343702939756, 5.542751581234703, -1.3485037219683091], [46.503437029397524, 193.20092673668793, 37.2653559502144, 3.7304993522204173], [5.542751581234703, 37.2653559502144, 34.16740656284386, 9.346597110967268], [-1.3485037219683091, 3.7304993522204173, 9.346597110967268, 9.021131963223215]], [[2.8041447378454194, 2.611117944792625, 0.7649958011701762, 0.26254562129918313], [2.6111179447926194, 19.89762292848141, 5.3917267258888275, 1.6361688951571947], [0.7649958011701762, 5.3917267258888275, 5.458410476302708, 1.0228181942568053], [0.26254562129918313, 1.6361688951571947, 1.022818194256806, 1.2409154789928176]], [[505.8736292523356, 367.083452791952, -21.359205908794998, -13.907334104519391], [367.083452791952, 1533.2118933138477, 248.91617443335866, 6.97523586281184], [-21.359205908794998, 248.91617443335898, 146.42081378775043, 22.103608197742556], [-13.90733410451943, 6.97523586281184, 22.103608197742556, 13.397059519246437]]], "covariance_type": "full", "n_features": 4, "i_open_region": 2, "i_background_region": 1, "i_nucleosomal_region": 0, "hmm_binsize": 10}