{"startprob": [0.8874965280447377, 0.008258639320061904, 0.10424483263520049], "transmat": [[0.9895139994183456, 1.2884241606116951e-05, 0.010473116340048149], [2.585066799276559e-05, 0.9688317487489622, 0.031142400583045102], [0.019037238597875303, 0.01766640491643958, 0.963296356485685]], "means": [[3.183035933750212, 10.221665935828579, 5.497602240100287, 1.6008851372992952], [73.77892214788514, 110.80810081224234, 26.661552769910042, 3.5113622597483487], [20.734807661125558, 48.043125792915944, 21.188195910322822, 5.797189128200234]], "covars": [[[5.016657339026862, 5.739814528086593, 1.889478565399141, 0.4952840857638916], [5.739814528086593, 37.59702360443372, 13.002915321086261, 3.2189073877513104], [1.889478565399141, 13.002915321086261, 13.110810396643018, 2.52597279880914], [0.4952840857638916, 3.2189073877513104, 2.525972798809138, 2.2136568832195187]], [[1386.6785605896848, -4.610464626621798, -149.60234161343297, -11.111147771333972], [-4.610464626621798, 1331.7123131467733, 253.0008591881514, 13.980950533485263], [-149.60234161343297, 253.0008591881514, 161.8979727645538, 14.055268036275036], [-11.111147771333972, 13.980950533485263, 14.055268036275036, 4.846532778480455]], [[254.53781404132198, 332.28900572366626, 80.82985105863926, 15.115644423051995], [332.28900572366626, 804.775952920089, 246.45760050424937, 48.29576993480245], [80.82985105863926, 246.45760050424937, 153.48057548839222, 33.82165682297661], [15.115644423051995, 48.29576993480251, 33.82165682297661, 17.16905003525443]]], "covariance_type": "full", "n_features": 4, "i_open_region": 1, "i_background_region": 0, "i_nucleosomal_region": 2, "hmm_binsize": 10}