{"startprob": [0.9515385640804535, 0.048447256471535076, 1.417944801155337e-05], "transmat": [[0.9876745874869075, 0.012234061553866955, 9.135095922560191e-05], [0.017725054471033903, 0.9666009959541133, 0.015673949574852825], [2.440208705683729e-06, 0.03154219888667546, 0.9684553609046189]], "means": [[2.0438516905598423, 7.7187498653026525, 5.264028787430561, 1.834585505939368], [13.29788675384105, 37.43202850193075, 24.262315574273924, 7.923856956013239], [43.2841583730393, 92.56880674689576, 39.07556457098381, 7.0023773220082965]], "covars": [[[2.9805493097029707, 2.8699468846374128, 1.1566367443188472, 0.32319721805373647], [2.869946884637415, 19.071722912693282, 7.659545325253875, 1.905096434470902], [1.1566367443188472, 7.659545325253875, 9.430883480562033, 2.2024982978779954], [0.32319721805373647, 1.905096434470902, 2.2024982978779954, 2.277003848708079]], [[100.190078895057, 173.4028069666087, 76.69837203705502, 25.918564326824352], [173.4028069666087, 537.5658967698909, 276.8279579327938, 91.52656025932524], [76.69837203705502, 276.8279579327938, 222.64500641016792, 71.24989438545127], [25.918564326824352, 91.5265602593253, 71.24989438545127, 35.50068451607697]], [[727.9393304193188, 109.09368250029397, -105.87619545497542, -11.933283073676058], [109.09368250029482, 968.3514646642199, 339.322731759967, 27.50533917372075], [-105.87619545497542, 339.322731759967, 304.70161719757556, 34.121101688089446], [-11.933283073676005, 27.50533917372075, 34.121101688089446, 13.830834620774958]]], "covariance_type": "full", "n_features": 4, "i_open_region": 2, "i_background_region": 0, "i_nucleosomal_region": 1, "hmm_binsize": 10}