{"startprob": [0.9878178574835221, 0.011848203009764842, 0.00033393950671288547], "transmat": [[0.9882878889623605, 1.608440013648817e-07, 0.01171195019363798], [3.6223102633472544e-05, 0.9722869788477774, 0.027676798049589172], [0.015194694666698268, 0.016120097573812685, 0.9686852077594891]], "means": [[2.7874021021903035, 8.51668048839291, 4.645759060155175, 0.9778760442030539], [52.00262096774442, 92.3299778725972, 24.908466792382885, 3.192975821128525], [15.131092138018108, 37.560792283218994, 16.620697555668215, 3.725829077691019]], "covars": [[[4.526509032654564, 5.231553580894856, 2.172537583961247, 0.2782628355321763], [5.231553580894856, 27.48662435241897, 10.422653296387562, 1.6504519169281717], [2.172537583961247, 10.422653296387557, 9.715530271518574, 1.2242395611173522], [0.2782628355321763, 1.6504519169281717, 1.2242395611173515, 1.0206043385245536]], [[627.6483880874465, 176.18856221716499, -64.45136238093306, -4.165277162284127], [176.18856221716499, 994.6863972245593, 181.13429576891437, 13.002051786775175], [-64.45136238093306, 181.13429576891392, 128.35082662659397, 10.60062781190734], [-4.165277162284127, 13.002051786775175, 10.60062781190734, 4.095470053160808]], [[120.33603973170113, 157.3662127043746, 28.98524927442275, 6.9150825475944], [157.3662127043746, 391.25407941048405, 106.24117675485324, 21.647651909230323], [28.98524927442275, 106.24117675485324, 77.03814808085689, 15.836814863141925], [6.9150825475944, 21.647651909230323, 15.836814863141925, 7.113430058485624]]], "covariance_type": "full", "n_features": 4, "i_open_region": 1, "i_background_region": 0, "i_nucleosomal_region": 2, "hmm_binsize": 10}