{"startprob": [0.9557380470464274, 3.328101147984615e-29, 0.04426195295357262], "transmat": [[0.9903521433112515, 3.6646085453845756e-05, 0.009611210603294626], [2.909096361415816e-12, 0.9735314377967872, 0.026468562200303823], [0.017980394474500474, 0.018164778299782348, 0.9638548272257171]], "means": [[1.9858545532779364, 6.522045729368482, 4.253732242029031, 1.4302384381887447], [68.55028227900077, 162.25762104025281, 61.238599388709474, 13.13840065754099], [14.698644920722398, 45.31158114608975, 25.74486626267626, 8.815171665044106]], "covars": [[[3.3808625819076124, 4.786286040433133, 2.4494198649373633, 0.6611165084856806], [4.78628604043313, 23.27255287804901, 11.38550048100632, 3.145781648156055], [2.4494198649373633, 11.38550048100632, 12.017350103887795, 2.880394549544877], [0.6611165084856806, 3.145781648156055, 2.880394549544877, 2.0534402262829228]], [[1929.2928621625035, 907.1105724055523, -295.44410194418526, -52.91114739324821], [907.1105724055523, 4378.977702725792, 602.5602164596866, 36.798701890867434], [-295.44410194418526, 602.5602164596866, 1010.0129963475528, 218.6089908205109], [-52.91114739324821, 36.798701890867434, 218.6089908205109, 90.18179687612442]], [[130.9385549068351, 219.25886434790826, 69.47087914682012, 10.284469894274674], [219.25886434790826, 737.5894079513084, 305.42676917374746, 67.01514750940669], [69.47087914682005, 305.42676917374746, 278.48464024179526, 93.65635279200343], [10.284469894274674, 67.01514750940662, 93.65635279200343, 63.578899630060555]]], "covariance_type": "full", "n_features": 4, "i_open_region": 1, "i_background_region": 0, "i_nucleosomal_region": 2, "hmm_binsize": 10}