{"startprob": [0.9445321920099354, 0.048651626175257416, 0.006816181814807202], "transmat": [[0.9906288238905043, 0.008749918922522524, 0.0006212571869731369], [0.016908111143895455, 0.9707803494299665, 0.012311539426137972], [0.0014418089416303424, 0.021779424271103638, 0.976778766787266]], "means": [[1.96253450548422, 5.799712806588211, 3.7093634663037967, 1.1862750040221721], [38.378274475450525, 69.7590706698998, 18.365792551936007, 3.522386008066273], [32.56346492364867, 78.22777017995334, 40.143850015163856, 11.180183887603997]], "covars": [[[3.1367418739743034, 4.11205115239976, 1.8267821667468498, 0.5228721244417415], [4.11205115239976, 21.12431330847646, 9.249502131622684, 2.497776198003252], [1.8267821667468498, 9.249502131622684, 9.669807063549698, 2.207098999541118], [0.5228721244417415, 2.497776198003252, 2.207098999541118, 1.6795443710463231]], [[1374.4813530201227, 1455.5464602134618, 151.44803460856446, 12.348977556850485], [1455.5464602134618, 2929.0867423659224, 341.83642356902504, 27.961231587520512], [151.44803460856446, 341.83642356902504, 98.73597065403877, 11.541448895644187], [12.348977556850485, 27.961231587520512, 11.541448895644187, 4.645153663802469]], [[830.5301162357973, 1241.229681028904, 233.25421038724417, 12.970341030981874], [1241.229681028904, 2877.426731459753, 704.267938020322, 32.416382700603826], [233.25421038724417, 704.267938020322, 445.110819705224, 54.82797476026625], [12.970341030981956, 32.416382700603826, 54.82797476026625, 40.13989873443178]]], "covariance_type": "full", "n_features": 4, "i_open_region": 2, "i_background_region": 0, "i_nucleosomal_region": 1, "hmm_binsize": 10}