{"startprob": [0.04445350231666429, 9.833912375613653e-26, 0.9555464976833358], "transmat": [[0.9663511533501988, 0.016291070706788313, 0.0173577759430129], [0.020488921655736778, 0.9795110783442633, 2.4569962263711064e-27], [0.010882547842806348, 4.427077221138041e-05, 0.9890731813849822]], "means": [[5.582273757430275, 15.918445524146652, 7.800446734148957, 2.9543181831743306], [31.11548354372375, 68.92884834941657, 23.004534452159575, 6.967749924880813], [0.8674021425405379, 2.535468976700597, 1.3811792221190629, 0.48319181993562327]], "covars": [[[23.990422231527223, 33.40664398744614, 7.0664977908288575, 0.3023474045332421], [33.40664398744614, 101.05023410366553, 27.097061253698463, 3.7838395552928508], [7.0664977908288575, 27.097061253698463, 21.85203971177411, 4.242346269810727], [0.3023474045332421, 3.7838395552928596, 4.242346269810727, 4.351115718816431]], [[422.09576706948656, 341.98163852982566, -6.897215328584443, -20.059342979331984], [341.98163852982566, 952.7060529259085, 170.3603281148718, 5.885562819099251], [-6.897215328584443, 170.3603281148718, 155.50241229082673, 39.75780599035429], [-20.059342979331984, 5.885562819099251, 39.75780599035429, 27.065381152231094]], [[0.9562910318423162, 0.6790121792413597, 0.1926796709227262, 0.03771248766195471], [0.6790121792413597, 4.3806131715132635, 1.2669369261043686, 0.27212310786076443], [0.1926796709227262, 1.2669369261043686, 1.8172816208799631, 0.2907221385425267], [0.03771248766195479, 0.27212310786076443, 0.2907221385425267, 0.40829067252439466]]], "covariance_type": "full", "n_features": 4, "i_open_region": 1, "i_background_region": 2, "i_nucleosomal_region": 0, "hmm_binsize": 10}