{"startprob": [6.792263972805718e-32, 0.9644735679426136, 0.03552643205738639], "transmat": [[0.9823454162757222, 2.479327880237172e-22, 0.017654583724277854], [5.4979273291412446e-05, 0.9885042732420651, 0.011440747484643413], [0.016246000630030764, 0.01754721566721927, 0.9662067837027499]], "means": [[57.856319800950814, 172.0734388905657, 82.29023369607162, 21.799673070428106], [1.7589371499810191, 6.250306099022979, 4.697636660229117, 1.9690040576933119], [11.332437140436854, 38.71102855694602, 25.287504758702642, 8.82362213065881]], "covars": [[[1322.958927155749, 1773.8163957584493, 63.56673969929931, -86.5718732052466], [1773.8163957584477, 5320.9211583996575, 1205.6426874298863, 57.307927217738225], [63.56673969929931, 1205.6426874298863, 1240.1277241384553, 307.7308989406948], [-86.5718732052466, 57.307927217738225, 307.7308989406948, 179.50875880987317]], [[2.535410007467162, 2.937927238043017, 1.659354040575167, 0.5419400899682004], [2.937927238043017, 16.84356568014176, 9.130140655818362, 3.326946529605984], [1.659354040575167, 9.130140655818362, 11.591974113270721, 3.6382277531995553], [0.5419400899682012, 3.326946529605984, 3.6382277531995553, 3.314449276175158]], [[81.667025188363, 165.81034634293798, 57.6976895579302, 8.13841183038957], [165.81034634293798, 594.6868661917731, 242.32720745820413, 42.45877552659391], [57.697689557930154, 242.32720745820413, 185.08089852347646, 45.0920062704049], [8.138411830389547, 42.45877552659391, 45.09200627040486, 30.3138910622282]]], "covariance_type": "full", "n_features": 4, "i_open_region": 0, "i_background_region": 1, "i_nucleosomal_region": 2, "hmm_binsize": 10}