{"startprob": [0.0572180205013989, 0.9427819794986011, 6.221169775689546e-36], "transmat": [[0.9624092489851305, 0.01827474655270207, 0.019316004462167437], [0.010514447609664341, 0.989485552389157, 1.1787151294549444e-12], [0.02110327716640437, 1.3215421834503973e-11, 0.9788967228203801]], "means": [[12.000398774562898, 25.144600427449813, 20.347310106676357, 6.698141942164519], [2.387459116673876, 4.911023683899885, 4.334837590867863, 1.5387496273612895], [56.01362910694557, 105.61488784313117, 58.52410363735296, 13.249162436263994]], "covars": [[[79.59373265164908, 99.11823818067553, 38.57526719354833, 4.87110049591603], [99.11823818067553, 225.50611068321325, 102.9742561996921, 16.709781170320497], [38.57526719354833, 102.9742561996921, 114.72032699124293, 30.11836835648809], [4.87110049591603, 16.709781170320497, 30.11836835648809, 21.314724583299803]], [[3.725280399000453, 2.857150401874754, 1.844565359520107, 0.6492042389577798], [2.857150401874754, 9.767555022964869, 5.530529281988218, 1.7107531662523785], [1.844565359520107, 5.530529281988218, 9.136220342504215, 2.167010726261501], [0.6492042389577791, 1.7107531662523785, 2.167010726261501, 2.0279381980294615]], [[1089.7120034004313, 858.3483032649629, 49.82220183068352, -34.051840099399115], [858.3483032649629, 2320.291416654079, 664.0861544284082, 24.417511487881363], [49.82220183068352, 664.0861544284096, 697.27727319322, 143.51149487522983], [-34.051840099399115, 24.417511487881363, 143.51149487522983, 95.85882667164594]]], "covariance_type": "full", "n_features": 4, "i_open_region": 2, "i_background_region": 1, "i_nucleosomal_region": 0, "hmm_binsize": 10}