{"startprob": [1.0841720521894592e-28, 0.9259730511220836, 0.07402694887791642], "transmat": [[0.9796359586425814, 4.534111463195072e-15, 0.020364041357414157], [3.88620606524149e-27, 0.9893333571843932, 0.010666642815606819], [0.018079647991393173, 0.018840705502604253, 0.9630796465060025]], "means": [[56.75785650887608, 129.59969327993974, 71.95308041695806, 17.946242535270713], [1.3324334908745679, 4.2182907443594395, 3.8676952012461494, 1.6251713564967554], [8.946716271700689, 25.27422724139526, 22.808081816918595, 8.5976926691536]], "covars": [[[1228.4788665975907, 1452.5512369748092, 113.74572173906584, -83.49650966911865], [1452.5512369748092, 3511.371567239136, 947.8592063169201, -41.925379389342936], [113.74572173906584, 947.8592063169201, 1211.9978654538706, 281.26992964124275], [-83.49650966911865, -41.925379389342936, 281.26992964124275, 185.67261849022998]], [[1.7830384335503529, 1.7667018336161777, 1.289664913448174, 0.43267165586557443], [1.7667018336161777, 9.338703138359385, 6.037332607109737, 2.059148146894719], [1.289664913448174, 6.037332607109737, 10.068050569539787, 3.1019606860245603], [0.4326716558655739, 2.0591481468947204, 3.1019606860245594, 2.599910864605406]], [[57.835313395972484, 94.22978119600394, 37.198824417634015, 2.6895690937472114], [94.22978119600394, 263.95072636197284, 128.77636131078535, 18.63805373984356], [37.198824417634015, 128.7763613107852, 155.03091307706538, 53.55145742804977], [2.6895690937472114, 18.638053739843524, 53.55145742804977, 47.439298827783524]]], "covariance_type": "full", "n_features": 4, "i_open_region": 0, "i_background_region": 1, "i_nucleosomal_region": 2, "hmm_binsize": 10}