{"startprob": [0.05624577714222471, 3.2402709553425295e-29, 0.9437542228577753], "transmat": [[0.9653915259342633, 0.01629709713264055, 0.018311376933096174], [0.020935349175278853, 0.9790646508246781, 4.308469647849273e-14], [0.011010346671406594, 8.817081668300383e-25, 0.9889896533285935]], "means": [[9.084134827781366, 23.784561992184805, 10.3729896287779, 2.592935798268759], [51.31929802777908, 101.34653659353151, 29.200143073090292, 5.553384659067991], [1.5487934570908997, 4.048393505119533, 1.9916859007011525, 0.48213120283856287]], "covars": [[[60.78331963617485, 84.09894462903598, 14.144648283103171, 0.45114399829324947], [84.09894462903598, 233.83784712325485, 54.39598247846405, 5.571063714922026], [14.144648283103171, 54.39598247846411, 37.6355046572795, 5.547482430172858], [0.45114399829324947, 5.571063714922026, 5.547482430172853, 3.8246566653013865]], [[1024.416828729499, 732.1701973722337, -43.554580862989596, -24.789239585857437], [732.1701973722337, 1908.11446981978, 268.79530727471564, 9.543285239825583], [-43.554580862989596, 268.79530727471564, 256.5933598847234, 45.647134675108134], [-24.789239585857437, 9.543285239825583, 45.647134675108134, 20.278483806541953]], [[2.0101322737591287, 1.5393672691084115, 0.487045147516253, 0.11226132199060897], [1.5393672691084137, 9.324017298906853, 2.561114877841568, 0.5123811085472589], [0.487045147516253, 2.561114877841568, 3.0453977533409713, 0.3991546954746167], [0.11226132199060897, 0.5123811085472589, 0.3991546954746167, 0.47227592257593587]]], "covariance_type": "full", "n_features": 4, "i_open_region": 1, "i_background_region": 2, "i_nucleosomal_region": 0, "hmm_binsize": 10}