{"startprob": [0.9423008710986508, 0.05159072872949995, 0.006108400171849306], "transmat": [[0.9898198769190794, 0.009764726160999538, 0.00041539691992115185], [0.019118891056249053, 0.9694522546489733, 0.011428854294777496], [0.0013833001463671492, 0.01963296954938787, 0.978983730304245]], "means": [[2.187623338332056, 5.275978058238389, 2.8002094254952508, 0.49700476435647306], [51.736785748680695, 66.9716016626027, 13.408242303825002, 1.5513571201015484], [60.260814290057525, 105.37661294937533, 34.61774401413312, 6.263797559891974]], "covars": [[[4.205669321401946, 4.748266125095046, 1.7971188546615136, 0.327557649220479], [4.748266125095044, 21.28459629461192, 7.809475596544515, 1.31357475683831], [1.7971188546615136, 7.809475596544515, 7.224691420276912, 0.9387363032481899], [0.327557649220479, 1.31357475683831, 0.9387363032481899, 0.5756647994184682]], [[3268.941153388015, 2448.6392844433485, 113.68059150827979, 2.1141927503753886], [2448.6392844433485, 2940.215005494441, 185.0061746358899, 5.718636146189554], [113.68059150827979, 185.0061746358899, 50.897082093145166, 3.3994596981118446], [2.1141927503753766, 5.718636146189554, 3.3994596981118446, 1.367689552706271]], [[2926.8220022540445, 3389.690661396958, 405.3856398954699, -2.0829318581413805], [3389.690661396958, 5562.3887157414565, 827.4396525284171, -5.440993178970465], [405.3856398954699, 827.4396525284171, 374.6464255641732, 28.48262023731105], [-2.0829318581413805, -5.440993178970465, 28.48262023731105, 15.939004446833994]]], "covariance_type": "full", "n_features": 4, "i_open_region": 2, "i_background_region": 0, "i_nucleosomal_region": 1, "hmm_binsize": 10}