{"startprob": [0.09948006239861669, 0.8901942558964725, 0.01032568170491075], "transmat": [[0.9637170705578257, 0.019458498149980134, 0.016824431292194165], [0.012522457193762063, 0.9874775400613014, 2.74493648890354e-09], [0.018399319106174813, 7.200538144204323e-05, 0.9815286755123831]], "means": [[3.0401083045363526, 9.318800336752052, 5.654500384973118, 2.6144244655457802], [0.4823444652464719, 1.4977228786192884, 0.9287236410437734, 0.4114279935201861], [20.63662174136945, 53.90833754845449, 21.083381998392685, 6.77620744079722]], "covars": [[[7.6198983463093, 11.0710259212782, 3.3638856934485046, 0.22443616307570782], [11.0710259212782, 42.1507986814499, 13.662720774658277, 1.7256164120136663], [3.3638856934485046, 13.662720774658267, 13.362376496090631, 2.820375840482943], [0.22443616307570782, 1.7256164120136663, 2.820375840482943, 3.7514418836873538]], [[0.4546195300757564, 0.2099180920662029, 0.07397935468588823, 0.025916448670938657], [0.20991809206620307, 1.882798299720962, 0.43376628893576197, 0.11254989544973214], [0.07397935468588823, 0.43376628893576197, 0.9198266548106123, 0.18515077973372937], [0.025916448670938657, 0.11254989544973214, 0.18515077973372937, 0.35905261588265064]], [[210.74466835296218, 244.36919952984726, 11.719290697176271, -10.604663026411394], [244.36919952984726, 797.635150517554, 139.59332478191865, -2.2279978763823793], [11.719290697176271, 139.59332478191865, 116.23095625933273, 26.57764573250826], [-10.604663026411394, -2.2279978763823793, 26.57764573250826, 25.738431250516097]]], "covariance_type": "full", "n_features": 4, "i_open_region": 2, "i_background_region": 1, "i_nucleosomal_region": 0, "hmm_binsize": 10}