{"startprob": [7.042416960401375e-26, 0.94019260667217, 0.05980739332782999], "transmat": [[0.9799212593734065, 6.64879191374355e-17, 0.020078740626593497], [1.16447365170391e-25, 0.9899604360403931, 0.01003956395960693], [0.018856102539907896, 0.018150175393655685, 0.9629937220664364]], "means": [[86.76317514258963, 210.11141244333197, 90.40581907868118, 25.86064196722781], [2.6938056119136453, 7.26694756188603, 4.722638057080662, 2.2526786481802157], [14.012741698129046, 41.24085115865224, 27.852072993344628, 13.233662654006936]], "covars": [[[2647.8794215752255, 3199.5767642273413, 228.86075685792864, -90.85272084445255], [3199.5767642273413, 8982.696985939512, 2207.3043137653435, 209.35530956296645], [228.86075685792986, 2207.3043137653435, 1969.3684930785391, 559.9755957259272], [-90.85272084445255, 209.35530956296645, 559.9755957259272, 344.0797848560189]], [[4.318703097403394, 4.738602116554205, 2.534478761173739, 1.0116635569606], [4.738602116554205, 22.411194256140817, 11.51865221826947, 4.706067475691475], [2.534478761173739, 11.518652218269478, 13.571001189204809, 5.001924287989391], [1.0116635569606, 4.706067475691475, 5.001924287989391, 4.515087124641566]], [[132.18798057376407, 228.2349713734152, 69.92340960086493, 10.983162566300992], [228.2349713734152, 653.1869745290795, 251.8488796450403, 55.75683527768235], [69.92340960086493, 251.8488796450403, 232.90230084751872, 105.9758450022082], [10.983162566300992, 55.75683527768235, 105.9758450022082, 120.51282636926167]]], "covariance_type": "full", "n_features": 4, "i_open_region": 0, "i_background_region": 1, "i_nucleosomal_region": 2, "hmm_binsize": 10}