{"startprob": [0.0881094818794376, 0.9084173969162814, 0.0034731212042810734], "transmat": [[0.9635914383285852, 0.01940233064391808, 0.01700623102749689], [0.01231825253696199, 0.987681747463038, 1.5695399013390736e-18], [0.021139126462686203, 3.634938492709101e-15, 0.9788608735373101]], "means": [[5.9836735632170805, 13.247298605816221, 5.632413966814308, 1.4017786164935768], [0.9677580402684335, 2.1193945109063574, 1.0190380532578538, 0.23944342839022462], [50.49648031312278, 63.670755387355676, 16.294814175071824, 3.284313275249496]], "covars": [[[35.482108302896, 30.947035694079855, 3.85359510075262, -0.12792354028161718], [30.947035694079855, 77.0438342637806, 13.48215382443926, 0.4506382696622433], [3.85359510075262, 13.48215382443926, 12.858837864698346, 1.2465940716275576], [-0.12792354028161718, 0.4506382696622433, 1.2465940716275576, 1.6371414366793056]], [[1.1093288963465233, 0.5688452046593315, 0.14473278931696945, 0.01612185691977707], [0.5688452046593312, 3.476186227982558, 0.7925292624023452, 0.13342779351760092], [0.14473278931696945, 0.7925292624023452, 1.2150810991508865, 0.09154979050410103], [0.016121856919777043, 0.13342779351760092, 0.09154979050410103, 0.19116625069013413]], [[1307.4156702347711, 456.17331721953036, -76.73305941626562, -25.532649568939714], [456.17331721953036, 896.4521231673453, 93.35435339852539, -3.566668598858059], [-76.73305941626562, 93.35435339852539, 128.19458537187938, 21.290823814639495], [-25.532649568939714, -3.566668598858059, 21.290823814639495, 10.428783886221256]]], "covariance_type": "full", "n_features": 4, "i_open_region": 2, "i_background_region": 1, "i_nucleosomal_region": 0, "hmm_binsize": 10}