{"startprob": [2.898379555213803e-34, 0.9455883072422899, 0.05441169275770996], "transmat": [[0.978818962456617, 9.22059178030094e-09, 0.021181028322791156], [1.5232060373149654e-08, 0.9893625465563498, 0.010637438211589778], [0.018338273382064126, 0.019455409992279866, 0.962206316625656]], "means": [[91.82154363262248, 175.6038967661021, 69.99587888508381, 20.661349610523118], [2.4465280417416664, 5.572834940005634, 3.5503690775378067, 1.5452150476748596], [16.015083477553123, 37.69983269963177, 21.565707336405858, 8.718683042686191]], "covars": [[[4002.0074132052678, 2570.004605572268, -123.77768766048862, -172.94270146666415], [2570.004605572268, 7744.293274348467, 1411.5696574487256, -56.57753574357176], [-123.77768766048862, 1411.5696574487256, 1344.4573282666358, 361.91820156454355], [-172.94270146666415, -56.57753574357176, 361.91820156454355, 267.5636902625948]], [[4.26534409728916, 3.8432002699665024, 1.75685337515971, 0.7463935266614272], [3.8432002699665024, 15.632565192818491, 7.3023368675792675, 2.7662011929950747], [1.7568533751597113, 7.3023368675792675, 8.259455300534492, 2.633125464556611], [0.7463935266614272, 2.7662011929950747, 2.633125464556611, 2.3388911917539303]], [[188.97369962067273, 254.44135630637484, 74.80754143277915, 13.779215009436466], [254.44135630637484, 616.401178020332, 224.68236416443438, 54.09494467296821], [74.80754143277915, 224.68236416443438, 164.22678730046704, 56.29102073162435], [13.779215009436466, 54.09494467296821, 56.291020731624386, 45.92295305045591]]], "covariance_type": "full", "n_features": 4, "i_open_region": 0, "i_background_region": 1, "i_nucleosomal_region": 2, "hmm_binsize": 10}