{"startprob": [0.9255640848393645, 0.0692319910654008, 0.005203924095234729], "transmat": [[0.9894628404629754, 0.010537159537024651, 1.8913925317405187e-25], [0.019055604541162053, 0.9624219881344576, 0.018522407324380295], [3.935024538579361e-07, 0.020185401710054392, 0.9798142047874918]], "means": [[3.189012205977557, 12.18240837183132, 7.549204921633672, 2.847931647045958], [20.239389739444963, 64.79740742033219, 35.8073146648984, 12.667607869352393], [113.40701615556331, 253.54845508288977, 80.4316550324715, 16.501788486012806]], "covars": [[[5.634821768606695, 9.895772720079652, 4.879761579623846, 1.6852862263398636], [9.895772720079652, 64.82841586948992, 34.19249249598448, 11.916675366484704], [4.87976157962385, 34.19249249598448, 30.37017527691197, 10.274863243131069], [1.6852862263398636, 11.916675366484704, 10.274863243131069, 6.80178575593401]], [[294.3995637527425, 459.72442219788377, 92.14995332630807, 11.029534320396317], [459.72442219788377, 1356.7549262613657, 488.5777582400456, 125.20226514530282], [92.14995332630807, 488.5777582400456, 489.7027670303342, 194.54051461986066], [11.029534320396317, 125.20226514530295, 194.54051461986066, 131.34710581054094]], [[3854.2394153940504, 2986.1916787131518, -133.2489003050976, -103.47096757637297], [2986.1916787131518, 9977.681294854683, 2279.2746421469164, 204.90312965451722], [-133.2489003050976, 2279.2746421469164, 1869.8798674734576, 397.4670977612239], [-103.47096757637297, 204.90312965451778, 397.4670977612239, 156.30472563219658]]], "covariance_type": "full", "n_features": 4, "i_open_region": 2, "i_background_region": 0, "i_nucleosomal_region": 1, "hmm_binsize": 10}