{"startprob": [3.013578044137693e-22, 0.901637852273833, 0.09836214772616696], "transmat": [[0.9795741414054023, 5.601330440861237e-07, 0.020425298461553467], [1.0212685564374936e-05, 0.9872142243567494, 0.01277556295768613], [0.016046577786480845, 0.016674661838375654, 0.9672787603751435]], "means": [[38.079250762799006, 96.25218536024167, 42.9316374739833, 10.804725709163712], [1.4576605404349217, 4.904651108259486, 3.004853834050104, 0.9563855117686899], [7.7601997262356015, 24.105712842147113, 14.300206623499296, 4.710262862045624]], "covars": [[[866.9469757986066, 552.3774317423615, 1.3279592609614668, -14.672540798686425], [552.3774317423615, 1785.8668233552949, 472.8582312568751, 60.85709399421016], [1.3279592609614668, 472.8582312568751, 419.4982212443419, 89.51829755443414], [-14.672540798686425, 60.85709399421016, 89.51829755443414, 42.033922657682496]], [[2.0406975811282044, 1.8197289428850907, 0.761153417007525, 0.14153132291750148], [1.8197289428850907, 10.574935311770995, 4.199669097054803, 0.9802089685628631], [0.761153417007525, 4.1996690970548, 5.0933553540515275, 0.982336390543754], [0.14153132291750126, 0.9802089685628622, 0.982336390543754, 1.0076069018569564]], [[34.55455860068457, 49.83019071451399, 17.25520076830453, 2.6595615610351793], [49.83019071451399, 187.62548837136836, 77.49394232844503, 15.965898025261309], [17.25520076830449, 77.49394232844503, 60.70508017960897, 13.752034361529024], [2.6595615610351793, 15.965898025261287, 13.752034361529024, 8.426180168944304]]], "covariance_type": "full", "n_features": 4, "i_open_region": 0, "i_background_region": 1, "i_nucleosomal_region": 2, "hmm_binsize": 10}