{"startprob": [1.2032842855648262e-09, 0.9078302905204955, 0.09216970827622026], "transmat": [[0.977201528667419, 2.283353455835663e-12, 0.022798471330297467], [3.5253643467519596e-09, 0.9888933659880362, 0.011106630486599382], [0.018018559356948165, 0.018792639570659412, 0.9631888010723925]], "means": [[43.63784798314498, 76.60383451658329, 28.06882892549275, 6.303289908253839], [2.022804841479218, 5.006201422239353, 2.6781532539949673, 0.8489379293469619], [10.078081287623148, 23.816599817588013, 11.540261221949565, 4.0328443547492485]], "covars": [[[586.2400502964009, 323.5552137340197, -59.25703366754473, -17.021195716616653], [323.5552137340197, 953.4016886512272, 134.86344145704646, 13.957173200540703], [-59.25703366754452, 134.86344145704646, 180.42859278597876, 41.10501962932289], [-17.021195716616653, 13.957173200540703, 41.10501962932289, 20.058895360412887]], [[2.635705378215216, 1.9322983768971418, 0.6875106889511758, 0.2009864404123464], [1.9322983768971418, 10.404189839152274, 3.2455603097474466, 0.7864426099240476], [0.6875106889511766, 3.2455603097474466, 3.9853805068549057, 0.6527068729690245], [0.2009864404123464, 0.7864426099240476, 0.6527068729690245, 0.9376630935603253]], [[55.43064157568487, 62.1869924546068, 16.34077819045729, 3.4733631058916408], [62.1869924546068, 166.5784746592187, 49.21789250819275, 13.113816158766989], [16.34077819045729, 49.21789250819275, 43.04339826966402, 14.665686369192617], [3.4733631058916408, 13.113816158766989, 14.665686369192617, 12.882452052632196]]], "covariance_type": "full", "n_features": 4, "i_open_region": 0, "i_background_region": 1, "i_nucleosomal_region": 2, "hmm_binsize": 10}