{"startprob": [0.05572476610424151, 0.9442752338957585, 1.799899003846746e-39], "transmat": [[0.9624923111203533, 0.01977759198215192, 0.017730096897494867], [0.01182110649711396, 0.9881786623714754, 2.3113141063300028e-07], [0.02019062661108026, 0.00010386200754301826, 0.9797055113813767]], "means": [[7.940427227919489, 18.938728502267058, 13.762702325664353, 4.696542873230068], [1.7071871189970973, 3.8183723182184854, 3.0241658629882697, 1.1915200257781597], [37.83205690989355, 76.2230543716981, 43.9371454917835, 11.611250381282689]], "covars": [[[35.55963550407087, 46.00969664050078, 19.76847349348455, 3.0950795578395605], [46.00969664050078, 131.11083189264224, 63.38370032180498, 8.97795830650219], [19.76847349348455, 63.38370032180498, 63.01104768621772, 11.73522513946339], [3.0950795578395605, 8.97795830650219, 11.73522513946339, 8.582674523712669]], [[2.192172885319498, 1.1058420054525049, 0.555981088793297, 0.17784845819062986], [1.1058420054525049, 5.902918908956964, 2.398821784418333, 0.6731314855755264], [0.555981088793297, 2.398821784418333, 4.370783543218102, 0.9432734051775757], [0.17784845819062986, 0.6731314855755264, 0.9432734051775757, 1.3040483188470577]], [[848.5451444113337, 399.5588404991909, -37.038776974869265, -31.11665942325638], [399.5588404991909, 1183.86560768396, 329.02126536318747, -6.819688398291056], [-37.038776974869265, 329.02126536318747, 319.87430380258814, 66.53929581035743], [-31.11665942325638, -6.819688398291056, 66.53929581035743, 49.943162110921314]]], "covariance_type": "full", "n_features": 4, "i_open_region": 2, "i_background_region": 1, "i_nucleosomal_region": 0, "hmm_binsize": 10}