{"startprob": [1.0140684749203128e-32, 0.9238143839668408, 0.07618561603315932], "transmat": [[0.9804128403131311, 3.379223218910174e-18, 0.019587159686868763], [4.838541768785175e-05, 0.9881343940967835, 0.011817220485528575], [0.017014402028816888, 0.019012258476912437, 0.9639733394942707]], "means": [[37.240551095595926, 82.84253818237963, 40.56412126131411, 12.294194113645595], [1.4973991476647528, 3.7922091864289746, 2.5146620515821034, 1.161007832742363], [7.56544372055495, 19.30094460292414, 12.530854166145428, 5.113629283753081]], "covars": [[[612.1092588906499, 506.17659025322496, -11.078879206823206, -33.90342339599082], [506.17659025322496, 1539.955928878139, 315.04962280553565, -14.16107137952501], [-11.078879206823206, 315.0496228055349, 353.6200164731292, 85.50981234915236], [-33.90342339599082, -14.161071379525186, 85.50981234915236, 62.38356166743877]], [[1.7809684424521923, 1.2104795841848575, 0.5038961767463723, 0.19891417703735306], [1.2104795841848575, 6.620171403496006, 2.262352368203529, 0.8386975814090912], [0.5038961767463723, 2.262352368203529, 3.604417402029639, 0.8831164343558651], [0.19891417703735306, 0.8386975814090906, 0.8831164343558651, 1.2688880843888475]], [[35.33958207195894, 48.5892985743401, 15.05202279649934, 1.8643474161379812], [48.5892985743401, 140.15086824161605, 53.39298782661785, 9.594587492251451], [15.05202279649934, 53.39298782661789, 48.60082297265677, 12.040673655950267], [1.8643474161379812, 9.594587492251451, 12.040673655950267, 11.55516692885852]]], "covariance_type": "full", "n_features": 4, "i_open_region": 0, "i_background_region": 1, "i_nucleosomal_region": 2, "hmm_binsize": 10}