{"startprob": [0.09795279320936023, 0.9020472067906398, 5.265145770449388e-28], "transmat": [[0.9647957942953627, 0.018505397353659442, 0.016698808350977947], [0.01189279062833929, 0.9880497001789171, 5.750919274346195e-05], [0.01784889234147089, 8.319851045490186e-32, 0.9821511076585291]], "means": [[7.103356959574222, 27.618699519832564, 21.21483239126845, 9.703868196185416], [1.1630155945228517, 4.483486431779213, 3.618359535381449, 1.743770735674486], [37.61837676312585, 131.18858381403732, 78.41470804946543, 29.036781077398345]], "covars": [[[31.914607060394548, 68.98064163656258, 32.30416734598645, 8.12039198827921], [68.98064163656267, 324.8708327145008, 173.71253659094214, 51.99083590553257], [32.30416734598643, 173.71253659094214, 158.6565135284071, 52.59048771706373], [8.12039198827921, 51.99083590553257, 52.59048771706373, 34.64732721850814]], [[1.5662094683373626, 1.5231391423959681, 0.7072447730592726, 0.28416693126271747], [1.5231391423959681, 10.146281690420546, 4.661261977400761, 2.0155645175293273], [0.7072447730592717, 4.661261977400761, 7.420997852854517, 2.275581185822499], [0.28416693126271747, 2.0155645175293273, 2.275581185822499, 2.7897346853164966]], [[731.6920724139084, 1093.1403531403475, 240.1025249148994, -10.549496145461772], [1093.1403531403475, 3987.231296399585, 1588.2589114525051, 245.90402599504623], [240.1025249148994, 1588.2589114525051, 1449.2040659213856, 426.71574287686747], [-10.549496145461772, 245.90402599504623, 426.71574287686747, 273.6439719501107]]], "covariance_type": "full", "n_features": 4, "i_open_region": 2, "i_background_region": 1, "i_nucleosomal_region": 0, "hmm_binsize": 10}