{"startprob": [0.04298101538613275, 0.9570189846138673, 5.1963508538995894e-37], "transmat": [[0.9615261180400166, 0.019811738865769264, 0.01866214309421412], [0.010713646951931872, 0.9892133498280532, 7.300322001490172e-05], [0.02011939213147432, 1.0495693010402724e-15, 0.9798806078685246]], "means": [[9.884466814823416, 23.715016690235558, 14.720990391115091, 3.524578036341501], [1.9943356625290418, 4.931435663590541, 3.248650014298597, 0.7851720258943158], [52.237427554519726, 103.91888192478612, 47.03680688406534, 7.926815774437363]], "covars": [[[61.72579358119293, 77.82090077880667, 22.860475984496766, 2.132831086244338], [77.82090077880667, 204.09157070296314, 72.74376906228412, 8.574752355916024], [22.8604759844968, 72.74376906228412, 66.96825397062995, 12.101303600864114], [2.1328310862443467, 8.574752355916024, 12.101303600864114, 7.307792206761735]], [[2.7086777777144917, 1.9598362629203172, 0.9903873924574803, 0.21769644138982877], [1.9598362629203172, 9.573331661316455, 3.9518400474902684, 0.7172808225954679], [0.9903873924574803, 3.9518400474902684, 5.961881269747143, 0.8830294492770442], [0.21769644138982877, 0.7172808225954679, 0.8830294492770436, 0.8102096757162333]], [[1315.1702537825317, 892.1574811416323, -91.30066644077458, -35.6778367911858], [892.1574811416334, 2409.7308726749575, 386.3711042907498, -5.5078232493783705], [-91.30066644077458, 386.3711042907498, 521.2062209843409, 82.48841645991796], [-35.6778367911858, -5.5078232493783705, 82.48841645991796, 36.17256211508533]]], "covariance_type": "full", "n_features": 4, "i_open_region": 2, "i_background_region": 1, "i_nucleosomal_region": 0, "hmm_binsize": 10}