{"startprob": [8.493376871165906e-19, 0.932397755236084, 0.06760224476391592], "transmat": [[0.9815834758242928, 5.2201305764552915e-08, 0.018416471974401466], [5.467677954816317e-05, 0.9878497119982159, 0.01209561122223583], [0.01694735425970521, 0.017610135949403485, 0.9654425097908913]], "means": [[34.866499156492644, 88.56887216107518, 38.78231900619347, 7.741418046212246], [1.3548579961104221, 4.0882662559091765, 2.704393449875238, 0.7499630489847868], [6.861057505009786, 20.901590729749305, 12.480941038150052, 3.325916555152759]], "covars": [[[526.2338026741314, 499.64040731103086, 3.2145999350652743, -18.157825871724015], [499.64040731103086, 1640.5210535663139, 315.9662207301367, -1.8289486894100553], [3.2145999350652743, 315.96622073013737, 298.89234831830385, 48.790478643657984], [-18.157825871724015, -1.8289486894100553, 48.790478643657984, 27.269545821147428]], [[1.5963055418667318, 1.2358395079374493, 0.565630258866486, 0.10854252151953396], [1.2358395079374487, 7.754799166139875, 2.7678721667780217, 0.5782096088220807], [0.565630258866486, 2.7678721667780217, 4.22089676799046, 0.6713767447244736], [0.10854252151953396, 0.5782096088220807, 0.6713767447244736, 0.7657789651483512]], [[32.51303124215164, 50.98310895025566, 14.380837964832086, 0.39126328389134535], [50.98310895025566, 161.43371243098758, 54.41883068827543, 4.3978950537239125], [14.380837964832086, 54.41883068827551, 47.74815682885994, 7.254925238871639], [0.39126328389134535, 4.3978950537239125, 7.254925238871639, 5.211174610022064]]], "covariance_type": "full", "n_features": 4, "i_open_region": 0, "i_background_region": 1, "i_nucleosomal_region": 2, "hmm_binsize": 10}